Page_URL,Element_Type,Content,Link_URL,Page_Title
https://www.budget.ca/en/home,Security Protection,Detected: Book Now,N/A,Budget Car Rental Canada | Discount car rental | Budget Car Rental Canada
https://www.budget.ca/en/home,Navigation,Reservations,N/A,Budget Car Rental Canada | Discount car rental | Budget Car Rental Canada
https://www.budget.ca/en/home,Navigation,Deals,N/A,Budget Car Rental Canada | Discount car rental | Budget Car Rental Canada
https://www.budget.ca/en/home,Navigation,Locations,N/A,Budget Car Rental Canada | Discount car rental | Budget Car Rental Canada
https://www.budget.ca/en/home,Navigation,Cars & Services,N/A,Budget Car Rental Canada | Discount car rental | Budget Car Rental Canada
https://www.budget.ca/en/home,Navigation,Fastbreak,N/A,Budget Car Rental Canada | Discount car rental | Budget Car Rental Canada
https://www.budget.ca/en/home,Navigation,Sign In,javascript:void(0),Budget Car Rental Canada | Discount car rental | Budget Car Rental Canada
https://www.budget.ca/en/home,Navigation,Register,https://www.budget.ca/en/loyalty-profile/fastbreak/enrollment,Budget Car Rental Canada | Discount car rental | Budget Car Rental Canada
https://www.budget.ca/en/home,Navigation,Business Rental,https://www.budget.ca/en/programs/business-car-rental/partner-137,Budget Car Rental Canada | Discount car rental | Budget Car Rental Canada
https://www.budget.ca/en/home,Navigation,Customer Care,https://www.budget.ca/en/customer-care,Budget Car Rental Canada | Discount car rental | Budget Car Rental Canada
https://www.budget.ca/en/home,Reservation Field,Placeholder: Enter your pick-up location or zip code,N/A,Budget Car Rental Canada | Discount car rental | Budget Car Rental Canada
https://www.budget.ca/en/home,Form Element,Placeholder: Enter your pick-up location or zip code,N/A,Budget Car Rental Canada | Discount car rental | Budget Car Rental Canada
https://www.budget.ca/en/home,Form Element,Placeholder: mm/dd/yyyy,N/A,Budget Car Rental Canada | Discount car rental | Budget Car Rental Canada
https://www.budget.ca/en/home,Form Element,Field: reservationModel.pickUpTime,N/A,Budget Car Rental Canada | Discount car rental | Budget Car Rental Canada
https://www.budget.ca/en/home,Form Element,Field: country,N/A,Budget Car Rental Canada | Discount car rental | Budget Car Rental Canada
https://www.budget.ca/en/home,Form Element,Field: ,N/A,Budget Car Rental Canada | Discount car rental | Budget Car Rental Canada
https://www.budget.ca/en/home,Promotional Content,Select My Car,N/A,Budget Car Rental Canada | Discount car rental | Budget Car Rental Canada
https://www.budget.ca/en/home,Promotional Content,FALL SUV SALE: Get low rates on SUVs!,N/A,Budget Car Rental Canada | Discount car rental | Budget Car Rental Canada
https://www.budget.ca/en/home,Promotional Content,Special Deals Snag a Free Upgrade for Your Car Rental Book Now Earn up to 2 Aeroplan points per dollar spent Book Now  Earn AIR MILES® Reward Miles Ea...,N/A,Budget Car Rental Canada | Discount car rental | Budget Car Rental Canada
https://www.budget.ca/en/home,Promotional Content,Special Deals Snag a Free Upgrade for Your Car Rental Book Now Earn up to 2 Aeroplan points per dollar spent Book Now  Earn AIR MILES® Reward Miles Ea...,N/A,Budget Car Rental Canada | Discount car rental | Budget Car Rental Canada
https://www.budget.ca/en/home,Promotional Content,Special Deals Snag a Free Upgrade for Your Car Rental Book Now Earn up to 2 Aeroplan points per dollar spent Book Now  Earn AIR MILES® Reward Miles Ea...,N/A,Budget Car Rental Canada | Discount car rental | Budget Car Rental Canada
https://www.budget.ca/en/home,Promotional Content,Snag a Free Upgrade for Your Car Rental Book Now,N/A,Budget Car Rental Canada | Discount car rental | Budget Car Rental Canada
https://www.budget.ca/en/home,Promotional Content,Snag a Free Upgrade for Your Car Rental Book Now,N/A,Budget Car Rental Canada | Discount car rental | Budget Car Rental Canada
https://www.budget.ca/en/home,Promotional Content,Earn up to 2 Aeroplan points per dollar spent Book Now,N/A,Budget Car Rental Canada | Discount car rental | Budget Car Rental Canada
https://www.budget.ca/en/home,Promotional Content,Earn up to 2 Aeroplan points per dollar spent Book Now,N/A,Budget Car Rental Canada | Discount car rental | Budget Car Rental Canada
https://www.budget.ca/en/home,Promotional Content,Earn AIR MILES® Reward Miles Earn 1 Reward Mile for every $15 spent. Terms apply. Book Now,N/A,Budget Car Rental Canada | Discount car rental | Budget Car Rental Canada
https://www.budget.ca/en/home,Promotional Content,Earn AIR MILES® Reward Miles Earn 1 Reward Mile for every $15 spent. Terms apply. Book Now,N/A,Budget Car Rental Canada | Discount car rental | Budget Car Rental Canada
https://www.budget.ca/en/home,Promotional Content,Save time at the counter and check in now! Check in,N/A,Budget Car Rental Canada | Discount car rental | Budget Car Rental Canada
https://www.budget.ca/en/home,Promotional Content,Save time at the counter and check in now! Check in,N/A,Budget Car Rental Canada | Discount car rental | Budget Car Rental Canada
https://www.budget.ca/en/home,Footer Link,Popular Rental Cars,null,Budget Car Rental Canada | Discount car rental | Budget Car Rental Canada
https://www.budget.ca/en/home,Footer Link,Luxury Car Rental,https://www.budget.ca/en/cars/vehicles/ca/h,Budget Car Rental Canada | Discount car rental | Budget Car Rental Canada
https://www.budget.ca/en/home,Footer Link,Economy Car Rental,https://www.budget.ca/en/cars/vehicles/ca/a,Budget Car Rental Canada | Discount car rental | Budget Car Rental Canada
https://www.budget.ca/en/home,Footer Link,Exotic Car Rental,https://www.budget.ca/en/cars/sweeter-rides,Budget Car Rental Canada | Discount car rental | Budget Car Rental Canada
https://www.budget.ca/en/home,Footer Link,SUV Rental,https://www.budget.ca/en/cars/vehicles/ca/l,Budget Car Rental Canada | Discount car rental | Budget Car Rental Canada
https://www.budget.ca/en/home,Footer Link,Van Rental,https://www.budget.ca/en/cars/vehicles/ca/v,Budget Car Rental Canada | Discount car rental | Budget Car Rental Canada
https://www.budget.ca/en/home,Footer Link,Popular US Destinations,null,Budget Car Rental Canada | Discount car rental | Budget Car Rental Canada
https://www.budget.ca/en/home,Footer Link,Car Rental Las Vegas,https://www.budget.ca/en/locations/us/nv/las-vegas,Budget Car Rental Canada | Discount car rental | Budget Car Rental Canada
https://www.budget.ca/en/home,Footer Link,Car Rental NYC,https://www.budget.ca/en/locations/us/ny/new-york,Budget Car Rental Canada | Discount car rental | Budget Car Rental Canada
https://www.budget.ca/en/home,Footer Link,Chicago Rental Cars,https://www.budget.ca/en/locations/us/il/chicago,Budget Car Rental Canada | Discount car rental | Budget Car Rental Canada
https://www.budget.ca/en/home,Footer Link,Car Rental Orlando,https://www.budget.ca/en/locations/us/fl/orlando,Budget Car Rental Canada | Discount car rental | Budget Car Rental Canada
https://www.budget.ca/en/home,Footer Link,Car Rental San Los Angeles,https://www.budget.ca/en/locations/us/ca/los-angeles,Budget Car Rental Canada | Discount car rental | Budget Car Rental Canada
https://www.budget.ca/en/home,Footer Link,Rental Car Deals,null,Budget Car Rental Canada | Discount car rental | Budget Car Rental Canada
https://www.budget.ca/en/home,Footer Link,Long-Term Car Rental,https://www.budget.ca/en/offers/ca-offers/long-term-rental-savings,Budget Car Rental Canada | Discount car rental | Budget Car Rental Canada
https://www.budget.ca/en/home,Footer Link,Military Discount Car Rental,https://www.budget.ca/en/offers/partner-offers/veterans-advantage-military-discounts,Budget Car Rental Canada | Discount car rental | Budget Car Rental Canada
https://www.budget.ca/en/home,Footer Link,Car Rental Deals,https://www.budget.ca/en/customer-care/smart-services,Budget Car Rental Canada | Discount car rental | Budget Car Rental Canada
https://www.budget.ca/en/home,Footer Link,Budget Support,null,Budget Car Rental Canada | Discount car rental | Budget Car Rental Canada
https://www.budget.ca/en/home,Footer Link,Customer Care,https://www.budget.ca/en/customer-care,Budget Car Rental Canada | Discount car rental | Budget Car Rental Canada
https://www.budget.ca/en/home,Footer Link,Rental Car Products,https://www.budget.ca/en/products-services,Budget Car Rental Canada | Discount car rental | Budget Car Rental Canada
https://www.budget.ca/en/home,Footer Link,Rental Car Services,https://www.budget.ca/en/products-services/services,Budget Car Rental Canada | Discount car rental | Budget Car Rental Canada
https://www.budget.ca/en/home,Footer Link,Protections & Coverages,https://www.budget.ca/en/products-services/protections,Budget Car Rental Canada | Discount car rental | Budget Car Rental Canada
https://www.budget.ca/en/home,Footer Link,Site Map,https://www.budget.ca/en/sitemap,Budget Car Rental Canada | Discount car rental | Budget Car Rental Canada
https://www.budget.ca/en/home,Footer Link,Company Info,null,Budget Car Rental Canada | Discount car rental | Budget Car Rental Canada
https://www.budget.ca/en/home,Footer Link,About Budget,https://www.budget.ca/en/about-budget,Budget Car Rental Canada | Discount car rental | Budget Car Rental Canada
https://www.budget.ca/en/home,Footer Link,Career Opportunities,http://avisbudgetgroup.jobs/,Budget Car Rental Canada | Discount car rental | Budget Car Rental Canada
https://www.budget.ca/en/home,Footer Link,Terms of Use,https://www.budget.ca/en/legal-documents/terms-of-use,Budget Car Rental Canada | Discount car rental | Budget Car Rental Canada
https://www.budget.ca/en/home,Footer Link,Privacy Notice,https://www.budget.ca/en/legal-documents/privacy-notice,Budget Car Rental Canada | Discount car rental | Budget Car Rental Canada
https://www.budget.ca/en/home,Footer Link,Copyright Notices,https://www.budget.ca/en/copyright-notices,Budget Car Rental Canada | Discount car rental | Budget Car Rental Canada
https://www.budget.ca/en/home,Footer Link,Budget Partners,null,Budget Car Rental Canada | Discount car rental | Budget Car Rental Canada
https://www.budget.ca/en/home,Footer Link,Affiliates,https://www.budget.ca/en/programs/affiliates,Budget Car Rental Canada | Discount car rental | Budget Car Rental Canada
https://www.budget.ca/en/home,Footer Link,Travel Agents,https://www.budget.ca/en/programs/travel-agent,Budget Car Rental Canada | Discount car rental | Budget Car Rental Canada
https://www.budget.ca/en/home,Footer Link,Airline Partners,https://www.budget.ca/en/programs/miles-points-partners/airlines,Budget Car Rental Canada | Discount car rental | Budget Car Rental Canada
https://www.budget.ca/en/home,Footer Link,Hotel Partners,https://www.budget.ca/en/programs/miles-points-partners/hotel-partners,Budget Car Rental Canada | Discount car rental | Budget Car Rental Canada
https://www.budget.ca/en/home,Heading H1,Find great prices on car rental with Budget Canada,N/A,Budget Car Rental Canada | Discount car rental | Budget Car Rental Canada
https://www.budget.ca/en/home,Heading H3,Enroll in the Budget Business Program and save up to 30% off base rates.,N/A,Budget Car Rental Canada | Discount car rental | Budget Car Rental Canada
https://www.budget.ca/en/home,Button,Select My Car,N/A,Budget Car Rental Canada | Discount car rental | Budget Car Rental Canada
https://www.budget.ca/en/home,Button,Enroll Today,N/A,Budget Car Rental Canada | Discount car rental | Budget Car Rental Canada
https://www.budget.ca/en/home,Hyperlink,Sign In,javascript:void(0),Budget Car Rental Canada | Discount car rental | Budget Car Rental Canada
https://www.budget.ca/en/home,Hyperlink,Register,https://www.budget.ca/en/loyalty-profile/fastbreak/enrollment,Budget Car Rental Canada | Discount car rental | Budget Car Rental Canada
https://www.budget.ca/en/home,Hyperlink,Business Rental,https://www.budget.ca/en/programs/business-car-rental/partner-137,Budget Car Rental Canada | Discount car rental | Budget Car Rental Canada
https://www.budget.ca/en/home,Hyperlink,Customer Care,https://www.budget.ca/en/customer-care,Budget Car Rental Canada | Discount car rental | Budget Car Rental Canada
https://www.budget.ca/en/home,Hyperlink,Rent a Moving Truck,https://www.budgettruck.ca/en/home,Budget Car Rental Canada | Discount car rental | Budget Car Rental Canada
https://www.budget.ca/en/home,Hyperlink,Rent a Moving Truck,https://www.budgettruck.ca/en/home,Budget Car Rental Canada | Discount car rental | Budget Car Rental Canada
https://www.budget.ca/en/home,Hyperlink,FALL SUV SALE: Get low rates on SUVs!,https://www.budget.ca/en/offers/ca-offers/suv-car-rental?ICID=bg-all-250909-hp-hero-bnr-suvfall25,Budget Car Rental Canada | Discount car rental | Budget Car Rental Canada
https://www.budget.ca/en/home,Hyperlink,Snag a Free Upgrade for Your Car Rental Book Now,https://www.budget.ca/en/offers/ca-offers/snag-a-free-upgrade?ICID=bg-ca-all-250115-hp-s1-freeupgrade,Budget Car Rental Canada | Discount car rental | Budget Car Rental Canada
https://www.budget.ca/en/home,Hyperlink,Earn up to 2 Aeroplan points per dollar spent Book Now,https://www.budget.ca/en/bridge/partner/aeroplan/aeroplan-250?ICID=bg-ca-all-230524-hp-s3-aeroplan,Budget Car Rental Canada | Discount car rental | Budget Car Rental Canada
https://www.budget.ca/en/home,Hyperlink,Earn AIR MILES® Reward Miles Earn 1 Reward Mile for every $15 spent. Terms apply. Book Now,https://www.budget.ca/en/offers/partner-offers/air-miles?ICID=bg-ca-all-210201-hp-s2-airmiles,Budget Car Rental Canada | Discount car rental | Budget Car Rental Canada
https://www.budget.ca/en/home,Hyperlink,Save time at the counter and check in now! Check in,https://www.budget.ca/en/reservation/quick-pass?ICID=bg-all-220708-hp-s4-digcheckin,Budget Car Rental Canada | Discount car rental | Budget Car Rental Canada
https://www.budget.ca/en/home,Hyperlink,View All Deals›,https://www.budget.ca/en/offers,Budget Car Rental Canada | Discount car rental | Budget Car Rental Canada
https://www.budget.ca/en/home,Hyperlink,Enroll Today,https://www.budget.ca/en/programs/business-car-rental/partner-137?ICID=bg-all-181009-hp-s6-smallbiz,Budget Car Rental Canada | Discount car rental | Budget Car Rental Canada
https://www.budget.ca/en/home,Hyperlink,Luxury Car Rental,https://www.budget.ca/en/cars/vehicles/ca/h,Budget Car Rental Canada | Discount car rental | Budget Car Rental Canada
https://www.budget.ca/en/home,Hyperlink,Economy Car Rental,https://www.budget.ca/en/cars/vehicles/ca/a,Budget Car Rental Canada | Discount car rental | Budget Car Rental Canada
https://www.budget.ca/en/home,Hyperlink,Exotic Car Rental,https://www.budget.ca/en/cars/sweeter-rides,Budget Car Rental Canada | Discount car rental | Budget Car Rental Canada
https://www.budget.ca/en/home,Hyperlink,SUV Rental,https://www.budget.ca/en/cars/vehicles/ca/l,Budget Car Rental Canada | Discount car rental | Budget Car Rental Canada
https://www.budget.ca/en/home,Hyperlink,Van Rental,https://www.budget.ca/en/cars/vehicles/ca/v,Budget Car Rental Canada | Discount car rental | Budget Car Rental Canada
https://www.budget.ca/en/home,Hyperlink,Car Rental Las Vegas,https://www.budget.ca/en/locations/us/nv/las-vegas,Budget Car Rental Canada | Discount car rental | Budget Car Rental Canada
https://www.budget.ca/en/home,Hyperlink,Car Rental NYC,https://www.budget.ca/en/locations/us/ny/new-york,Budget Car Rental Canada | Discount car rental | Budget Car Rental Canada
https://www.budget.ca/en/home,Hyperlink,Chicago Rental Cars,https://www.budget.ca/en/locations/us/il/chicago,Budget Car Rental Canada | Discount car rental | Budget Car Rental Canada
https://www.budget.ca/en/home,Hyperlink,Car Rental Orlando,https://www.budget.ca/en/locations/us/fl/orlando,Budget Car Rental Canada | Discount car rental | Budget Car Rental Canada
https://www.budget.ca/en/home,Hyperlink,Car Rental San Los Angeles,https://www.budget.ca/en/locations/us/ca/los-angeles,Budget Car Rental Canada | Discount car rental | Budget Car Rental Canada
https://www.budget.ca/en/home,Hyperlink,Long-Term Car Rental,https://www.budget.ca/en/offers/ca-offers/long-term-rental-savings,Budget Car Rental Canada | Discount car rental | Budget Car Rental Canada
https://www.budget.ca/en/home,Hyperlink,Military Discount Car Rental,https://www.budget.ca/en/offers/partner-offers/veterans-advantage-military-discounts,Budget Car Rental Canada | Discount car rental | Budget Car Rental Canada
https://www.budget.ca/en/home,Hyperlink,Car Rental Deals,https://www.budget.ca/en/customer-care/smart-services,Budget Car Rental Canada | Discount car rental | Budget Car Rental Canada
https://www.budget.ca/en/home,Hyperlink,Customer Care,https://www.budget.ca/en/customer-care,Budget Car Rental Canada | Discount car rental | Budget Car Rental Canada
https://www.budget.ca/en/home,Hyperlink,Rental Car Products,https://www.budget.ca/en/products-services,Budget Car Rental Canada | Discount car rental | Budget Car Rental Canada
https://www.budget.ca/en/home,Hyperlink,Rental Car Services,https://www.budget.ca/en/products-services/services,Budget Car Rental Canada | Discount car rental | Budget Car Rental Canada
https://www.budget.ca/en/home,Hyperlink,Protections & Coverages,https://www.budget.ca/en/products-services/protections,Budget Car Rental Canada | Discount car rental | Budget Car Rental Canada
https://www.budget.ca/en/home,Hyperlink,Site Map,https://www.budget.ca/en/sitemap,Budget Car Rental Canada | Discount car rental | Budget Car Rental Canada
https://www.budget.ca/en/home,Hyperlink,About Budget,https://www.budget.ca/en/about-budget,Budget Car Rental Canada | Discount car rental | Budget Car Rental Canada
https://www.budget.ca/en/home,Hyperlink,Career Opportunities,http://avisbudgetgroup.jobs/,Budget Car Rental Canada | Discount car rental | Budget Car Rental Canada
https://www.budget.ca/en/home,Hyperlink,Terms of Use,https://www.budget.ca/en/legal-documents/terms-of-use,Budget Car Rental Canada | Discount car rental | Budget Car Rental Canada
https://www.budget.ca/en/home,Hyperlink,Privacy Notice,https://www.budget.ca/en/legal-documents/privacy-notice,Budget Car Rental Canada | Discount car rental | Budget Car Rental Canada
https://www.budget.ca/en/home,Hyperlink,Copyright Notices,https://www.budget.ca/en/copyright-notices,Budget Car Rental Canada | Discount car rental | Budget Car Rental Canada
https://www.budget.ca/en/home,Hyperlink,Affiliates,https://www.budget.ca/en/programs/affiliates,Budget Car Rental Canada | Discount car rental | Budget Car Rental Canada
https://www.budget.ca/en/home,Hyperlink,Travel Agents,https://www.budget.ca/en/programs/travel-agent,Budget Car Rental Canada | Discount car rental | Budget Car Rental Canada
https://www.budget.ca/en/home,Hyperlink,Airline Partners,https://www.budget.ca/en/programs/miles-points-partners/airlines,Budget Car Rental Canada | Discount car rental | Budget Car Rental Canada
https://www.budget.ca/en/home,Hyperlink,Hotel Partners,https://www.budget.ca/en/programs/miles-points-partners/hotel-partners,Budget Car Rental Canada | Discount car rental | Budget Car Rental Canada
https://www.budget.ca/en/home,Image,Alt: Budget Canada Logo,https://www.budget.ca/content/dam/budget/na/ca/common/Budget_logo_CA.png,Budget Car Rental Canada | Discount car rental | Budget Car Rental Canada
https://www.budget.ca/en/programs/business-car-rental/partner-137,Security Protection,Detected: You can withdraw your consent at any time. See our Privacy Notice and Terms Of Use for more details  or Contact Us.,N/A,company account | frequent renters | Budget Car Rental Canada
https://www.budget.ca/en/programs/business-car-rental/partner-137,Page Summary,Title: company account | frequent renters | Budget Car Rental Canada | Content: Content structure not standard,https://www.budget.ca/en/programs/business-car-rental/partner-137,company account | frequent renters | Budget Car Rental Canada
https://www.budget.ca/en/customer-care,Security Protection,Detected: Copyright © 2025 Budgetcar  Inc.,N/A,Budget Rent a Car Canada Customer Care | Budget Car Rental Canada
https://www.budget.ca/en/customer-care,Page Summary,Title: Budget Rent a Car Canada Customer Care | Budget Car Rental Canada | Content: Content structure not standard,https://www.budget.ca/en/customer-care,Budget Rent a Car Canada Customer Care | Budget Car Rental Canada
https://www.budget.ca/en/home,Security Protection,Detected: Book Now,N/A,Budget Car Rental Canada | Discount car rental | Budget Car Rental Canada
https://www.budget.ca/en/home,Form Interaction,Set pickup location to Windsor with dropdown selection,N/A,Budget Car Rental Canada | Discount car rental | Budget Car Rental Canada
https://www.budget.ca/en/home,Security Protection,Detected: Book Now,N/A,Budget Car Rental Canada | Discount car rental | Budget Car Rental Canada
https://www.budget.ca/en/home,Security Check,CAPTCHA protection detected - form submission prevented,N/A,Budget Car Rental Canada | Discount car rental | Budget Car Rental Canada
https://www.budget.ca/en/home,Navigation Hover,Hovered over: Reservations,N/A,Budget Car Rental Canada | Discount car rental | Budget Car Rental Canada
https://www.budget.ca/en/home,Dropdown Item,Reservations -> Make a Reservation,N/A,Budget Car Rental Canada | Discount car rental | Budget Car Rental Canada
https://www.budget.ca/en/home,Dropdown Item,Reservations -> Make a Reservation,https://www.budget.ca/en/reservation/make-reservation,Budget Car Rental Canada | Discount car rental | Budget Car Rental Canada
https://www.budget.ca/en/home,Dropdown Item,Reservations -> View / Modify / Cancel,N/A,Budget Car Rental Canada | Discount car rental | Budget Car Rental Canada
https://www.budget.ca/en/home,Dropdown Item,Reservations -> View / Modify / Cancel,https://www.budget.ca/en/reservation/view-modify-cancel,Budget Car Rental Canada | Discount car rental | Budget Car Rental Canada
https://www.budget.ca/en/home,Dropdown Item,Reservations -> Get e-Receipt,N/A,Budget Car Rental Canada | Discount car rental | Budget Car Rental Canada
https://www.budget.ca/en/home,Dropdown Item,Reservations -> Get e-Receipt,https://www.budget.ca/en/reservation/get-e-receipt,Budget Car Rental Canada | Discount car rental | Budget Car Rental Canada
https://www.budget.ca/en/home,Dropdown Item,Reservations -> Budget PreCheck,N/A,Budget Car Rental Canada | Discount car rental | Budget Car Rental Canada
https://www.budget.ca/en/home,Dropdown Item,Reservations -> Budget PreCheck,https://www.budget.ca/en/reservation/precheck,Budget Car Rental Canada | Discount car rental | Budget Car Rental Canada
https://www.budget.ca/en/home,Dropdown Item,Reservations -> Make a Reservation,N/A,Budget Car Rental Canada | Discount car rental | Budget Car Rental Canada
https://www.budget.ca/en/home,Dropdown Item,Reservations -> Make a Reservation,https://www.budget.ca/en/reservation/make-reservation,Budget Car Rental Canada | Discount car rental | Budget Car Rental Canada
https://www.budget.ca/en/home,Dropdown Item,Reservations -> View / Modify / Cancel,N/A,Budget Car Rental Canada | Discount car rental | Budget Car Rental Canada
https://www.budget.ca/en/home,Dropdown Item,Reservations -> View / Modify / Cancel,https://www.budget.ca/en/reservation/view-modify-cancel,Budget Car Rental Canada | Discount car rental | Budget Car Rental Canada
https://www.budget.ca/en/home,Dropdown Item,Reservations -> Get e-Receipt,N/A,Budget Car Rental Canada | Discount car rental | Budget Car Rental Canada
https://www.budget.ca/en/home,Dropdown Item,Reservations -> Get e-Receipt,https://www.budget.ca/en/reservation/get-e-receipt,Budget Car Rental Canada | Discount car rental | Budget Car Rental Canada
https://www.budget.ca/en/home,Dropdown Item,Reservations -> Budget PreCheck,N/A,Budget Car Rental Canada | Discount car rental | Budget Car Rental Canada
https://www.budget.ca/en/home,Dropdown Item,Reservations -> Budget PreCheck,https://www.budget.ca/en/reservation/precheck,Budget Car Rental Canada | Discount car rental | Budget Car Rental Canada
https://www.budget.ca/en/home,Dropdown Item,Reservations -> Make a Reservation,N/A,Budget Car Rental Canada | Discount car rental | Budget Car Rental Canada
https://www.budget.ca/en/home,Dropdown Item,Reservations -> Make a Reservation,https://www.budget.ca/en/reservation/make-reservation,Budget Car Rental Canada | Discount car rental | Budget Car Rental Canada
https://www.budget.ca/en/home,Dropdown Item,Reservations -> View / Modify / Cancel,N/A,Budget Car Rental Canada | Discount car rental | Budget Car Rental Canada
https://www.budget.ca/en/home,Dropdown Item,Reservations -> View / Modify / Cancel,https://www.budget.ca/en/reservation/view-modify-cancel,Budget Car Rental Canada | Discount car rental | Budget Car Rental Canada
https://www.budget.ca/en/home,Dropdown Item,Reservations -> Get e-Receipt,N/A,Budget Car Rental Canada | Discount car rental | Budget Car Rental Canada
https://www.budget.ca/en/home,Dropdown Item,Reservations -> Get e-Receipt,https://www.budget.ca/en/reservation/get-e-receipt,Budget Car Rental Canada | Discount car rental | Budget Car Rental Canada
https://www.budget.ca/en/home,Dropdown Item,Reservations -> Budget PreCheck,N/A,Budget Car Rental Canada | Discount car rental | Budget Car Rental Canada
https://www.budget.ca/en/home,Dropdown Item,Reservations -> Budget PreCheck,https://www.budget.ca/en/reservation/precheck,Budget Car Rental Canada | Discount car rental | Budget Car Rental Canada
https://www.budget.ca/en/home,Navigation Hover,Hovered over: Make a Reservation,N/A,Budget Car Rental Canada | Discount car rental | Budget Car Rental Canada
https://www.budget.ca/en/home,Dropdown Item,Make a Reservation -> View / Modify / Cancel,N/A,Budget Car Rental Canada | Discount car rental | Budget Car Rental Canada
https://www.budget.ca/en/home,Dropdown Item,Make a Reservation -> View / Modify / Cancel,https://www.budget.ca/en/reservation/view-modify-cancel,Budget Car Rental Canada | Discount car rental | Budget Car Rental Canada
https://www.budget.ca/en/home,Dropdown Item,Make a Reservation -> Get e-Receipt,N/A,Budget Car Rental Canada | Discount car rental | Budget Car Rental Canada
https://www.budget.ca/en/home,Dropdown Item,Make a Reservation -> Get e-Receipt,https://www.budget.ca/en/reservation/get-e-receipt,Budget Car Rental Canada | Discount car rental | Budget Car Rental Canada
https://www.budget.ca/en/home,Dropdown Item,Make a Reservation -> Budget PreCheck,N/A,Budget Car Rental Canada | Discount car rental | Budget Car Rental Canada
https://www.budget.ca/en/home,Dropdown Item,Make a Reservation -> Budget PreCheck,https://www.budget.ca/en/reservation/precheck,Budget Car Rental Canada | Discount car rental | Budget Car Rental Canada
https://www.budget.ca/en/home,Dropdown Item,Make a Reservation -> Reservations,N/A,Budget Car Rental Canada | Discount car rental | Budget Car Rental Canada
https://www.budget.ca/en/home,Dropdown Item,Make a Reservation -> View / Modify / Cancel,N/A,Budget Car Rental Canada | Discount car rental | Budget Car Rental Canada
https://www.budget.ca/en/home,Dropdown Item,Make a Reservation -> View / Modify / Cancel,https://www.budget.ca/en/reservation/view-modify-cancel,Budget Car Rental Canada | Discount car rental | Budget Car Rental Canada
https://www.budget.ca/en/home,Dropdown Item,Make a Reservation -> Get e-Receipt,N/A,Budget Car Rental Canada | Discount car rental | Budget Car Rental Canada
https://www.budget.ca/en/home,Dropdown Item,Make a Reservation -> Get e-Receipt,https://www.budget.ca/en/reservation/get-e-receipt,Budget Car Rental Canada | Discount car rental | Budget Car Rental Canada
https://www.budget.ca/en/home,Dropdown Item,Make a Reservation -> Budget PreCheck,N/A,Budget Car Rental Canada | Discount car rental | Budget Car Rental Canada
https://www.budget.ca/en/home,Dropdown Item,Make a Reservation -> Budget PreCheck,https://www.budget.ca/en/reservation/precheck,Budget Car Rental Canada | Discount car rental | Budget Car Rental Canada
https://www.budget.ca/en/home,Dropdown Item,Make a Reservation -> View / Modify / Cancel,N/A,Budget Car Rental Canada | Discount car rental | Budget Car Rental Canada
https://www.budget.ca/en/home,Dropdown Item,Make a Reservation -> View / Modify / Cancel,https://www.budget.ca/en/reservation/view-modify-cancel,Budget Car Rental Canada | Discount car rental | Budget Car Rental Canada
https://www.budget.ca/en/home,Dropdown Item,Make a Reservation -> Get e-Receipt,N/A,Budget Car Rental Canada | Discount car rental | Budget Car Rental Canada
https://www.budget.ca/en/home,Dropdown Item,Make a Reservation -> Get e-Receipt,https://www.budget.ca/en/reservation/get-e-receipt,Budget Car Rental Canada | Discount car rental | Budget Car Rental Canada
https://www.budget.ca/en/home,Dropdown Item,Make a Reservation -> Budget PreCheck,N/A,Budget Car Rental Canada | Discount car rental | Budget Car Rental Canada
https://www.budget.ca/en/home,Dropdown Item,Make a Reservation -> Budget PreCheck,https://www.budget.ca/en/reservation/precheck,Budget Car Rental Canada | Discount car rental | Budget Car Rental Canada
https://www.budget.ca/en/home,Dropdown Item,Make a Reservation -> Deals,N/A,Budget Car Rental Canada | Discount car rental | Budget Car Rental Canada
https://www.budget.ca/en/home,Dropdown Item,Make a Reservation -> Locations,N/A,Budget Car Rental Canada | Discount car rental | Budget Car Rental Canada
https://www.budget.ca/en/home,Dropdown Item,Make a Reservation -> Cars & Services,N/A,Budget Car Rental Canada | Discount car rental | Budget Car Rental Canada
https://www.budget.ca/en/home,Performance Metrics,Page load time: 7699ms,N/A,Budget Car Rental Canada | Discount car rental | Budget Car Rental Canada
